父母,
歡喜,
倒楣,
我,
因為
朋友,
開心,
殘忍,
你,
所以
友誼,
高興,
無情,
他,
因此,
同伴,
喜孜孜,
激怒,
她,
如果,
同事,
愉悅,
諷刺,
自己,
由於,
伴侶,
喜悅,
批評,
自身,
如此一來,
知己,
平息,
不甘,
本人,
原因,
夥伴,
安撫,
消沉,
究竟,
情人,
積極,
遺憾,
打算,
愛人,
滿意,
忽視,
引起,
孩子,
成功,
失敗,
加強,
兒子,
幸運,
墮落,
成為,
女兒,
順利,
憂鬱,
改變,
子女,
仁慈,
抑鬱寡歡,
理由,
伙伴,
溫柔,
鬱悶,
就此,
男友,
體貼,
憤怒,
藉此,
女友,
感恩,
忿忿不平,
證明,
莫逆,
緩和,
哀傷,
原來,
爸爸,
讚美,
悲痛,
原來,
如此,
媽媽,
爽快,
痛心疾首,
此外,
母親,
好受,
揶揄,
自從,
父親,
喜出望外,
痛苦,
依照,
爸,
入迷,
痛心,
直到,
媽,
著迷,
心酸,
根據,
爸媽,
好奇,
膽怯,
針對,
人們,
感動,
心有餘悸,
除了,
人,
掛念,
妒忌,
至,
男伴,
牽掛,
反感,
直至,
女伴,
幸福,
幸災樂禍,
比較,
友人,
嚮往,
羞愧,
除此,
之外,
友,
期待,
羞恥,
了解,
朋,
受寵若驚,
羞辱,
分析,
兒,
淡然,
懺悔,
反省,
咱們,
豁然開朗,
後悔,
理解,
一起,
平心靜氣,
內疚,
猜想,
我們,
穩定,
震驚,
了解,
你們,
心安理得,
警惕,
回憶,
妳們,
踏實,
懷疑,
回想,
他們,
輕鬆,
可疑,
估計,
她們,
寧靜,
困惑,
證明,
重逢,
鎮定,
迷茫,
透露,
寒暄,
鼓舞,
為難,
證實,
親戚,
支持,
無所適從,
深思,
振奮,
消極,
思考,
振作,
惱羞成怒,
估算,
放鬆,
氣餒,
猜測,
歡暢,
喪氣,
思索,
怡然,
掃興,
盤算,
疏欣,
厭倦,
估摸,
狂喜,
盛怒,
回溯,
可惜,
震怒,
佐證,
舒心,
悲愴,
依據,
憐憫,
慘苦,
揭露,
憐惜,
苦澀,
引發,
掛念,
悽慘,
預計,
眷戀,
可憎,
預想,
傾慕,
嫌惡,
預測,
遂心,
嫌隙,
如何,
遂願,
憋氣,
因果,
宜人,
涔涔,
轉變,
可人,
煩擾,
改善,
殷切,
惘然,
改進,
虔誠,
孤寂,
更改,
欣幸,
哀怨,
變化,
清爽,
哀思,
到底,
寬慰,
悵惘,
明白,
泰然,
悶倦,
省思,
閒適,
愧痛,
細想,
自在,
羞憤,
推理,
激昂,
疑懼,
推測,
激越,
憂煩,
推估,
亢奮,
憂憤,
推算,
忘情,
厭棄,
坦白,
快樂,
哭泣,
認為,
開心,
吵架,
感激,
擔憂,
鬆快,
羞慚,
安慰,
尷尬,
笑,
屈辱,
豪情,
貪婪,
自豪,
懼怕,